{"cameraMode":{"drawMode":0,"name":"Shaded","section":"Shading Mode"},"sceneLighting":true,"audioPlay":false,"sceneViewState":{"showFog":true,"showMaterialUpdate":false,"showSkybox":true,"showFlares":true,"showImageEffects":true,"showParticleSystems":true},"in2DMode":false,"pivot":{"x":0.04221534729003906,"y":0.0011396408081054688,"z":-0.010398149490356446},"rotation":{"x":-0.03642962500452995,"y":-0.882196843624115,"z":0.46433958411216738,"w":-0.06921371072530747},"size":11.675399780273438,"orthographic":true}