{"cameraMode":{"drawMode":0,"name":"Shaded","section":"Shading Mode"},"sceneLighting":false,"audioPlay":false,"sceneViewState":{"showFog":true,"showMaterialUpdate":false,"showSkybox":true,"showFlares":true,"showImageEffects":true,"showParticleSystems":true},"in2DMode":false,"pivot":{"x":4.690000057220459,"y":5.960464477539063e-8,"z":2.946475028991699},"rotation":{"x":-0.5603360533714294,"y":0.36951327323913576,"z":-0.30684131383895876,"w":-0.6747828125953674},"size":1.7665278911590577,"orthographic":false}