{"cameraMode":{"drawMode":0,"name":"Shaded","section":"Shading Mode"},"sceneLighting":false,"audioPlay":false,"sceneViewState":{"showFog":true,"showMaterialUpdate":false,"showSkybox":true,"showFlares":true,"showImageEffects":true,"showParticleSystems":true},"in2DMode":false,"pivot":{"x":4.690000057220459,"y":1.1920928955078126e-7,"z":2.9986789226531984},"rotation":{"x":-0.03642962500452995,"y":-0.882196843624115,"z":0.46433958411216738,"w":-0.06921371072530747},"size":3.3994534015655519,"orthographic":true}